,Close,Train_Return,Date
2018-10-15,6971.7036,-0.25509596,2018-10-15
2018-10-16,7004.088,0.46451092,2018-10-16
2018-10-17,7036.921,0.4687667,2018-10-17
2018-10-18,7033.4116,-0.049871206,2018-10-18
2018-10-19,7004.8003,-0.40678978,2018-10-19
2018-10-22,7026.486,0.30958652,2018-10-22
2018-10-23,7020.901,-0.079482794,2018-10-23
2018-10-24,6927.9604,-1.3237655,2018-10-24
2018-10-25,6932.7524,0.06916523,2018-10-25
2018-10-26,6976.9043,0.6368637,2018-10-26
2018-10-29,6908.9634,-0.97379684,2018-10-29
2018-10-30,6998.0884,1.2899876,2018-10-30
2018-10-31,7014.5713,0.23553371,2018-10-31
2018-11-01,7103.4927,1.2676716,2018-11-01
2018-11-02,7097.181,-0.088852644,2018-11-02
2018-11-05,7075.167,-0.31018257,2018-11-05
2018-11-06,7083.306,0.115036964,2018-11-06
2018-11-07,7021.4604,-0.87311864,2018-11-07
2018-11-08,7092.894,1.0173559,2018-11-08
2018-11-09,7120.947,0.39550066,2018-11-09
2018-11-12,7087.696,-0.46694875,2018-11-12
2018-11-13,7034.1763,-0.7551074,2018-11-13
2018-11-14,7032.0015,-0.03091693,2018-11-14
2018-11-15,7011.7505,-0.2879858,2018-11-15
2018-11-16,7014.935,0.04541874,2018-11-16
2018-11-19,6990.414,-0.34955144,2018-11-19
2018-11-20,6975.5684,-0.21237135,2018-11-20
2018-11-21,6917.8696,-0.8271575,2018-11-21
2018-11-22,7022.731,1.5158057,2018-11-22
2018-11-23,6934.877,-1.2509942,2018-11-23
2018-11-26,6922.1816,-0.18306375,2018-11-26
2018-11-27,7009.3022,1.2585759,2018-11-27
2018-11-28,6994.894,-0.20555854,2018-11-28
2018-11-29,6979.4897,-0.22022128,2018-11-29
2018-11-30,7014.4946,0.5015373,2018-11-30
2018-12-03,6954.941,-0.84900856,2018-12-03
2018-12-04,7036.4795,1.1723876,2018-12-04
2018-12-05,7001.941,-0.4908502,2018-12-05
2018-12-06,6890.3247,-1.5940726,2018-12-06
2018-12-07,6693.9155,-2.8505087,2018-12-07
2018-12-10,6740.365,0.69390535,2018-12-10
2018-12-11,6700.102,-0.5973458,2018-12-11
2018-12-12,6760.5347,0.9019613,2018-12-12
2018-12-13,6849.309,1.3131261,2018-12-13
2018-12-14,6836.999,-0.17972589,2018-12-14
2018-12-17,6793.8823,-0.630635,2018-12-17
2018-12-18,6739.862,-0.7951319,2018-12-18
2018-12-19,6681.8223,-0.8611381,2018-12-19
2018-12-20,6728.8374,0.70363283,2018-12-20
2018-12-21,6691.6104,-0.55324435,2018-12-21
2018-12-24,6694.265,0.03967285,2018-12-24
2018-12-27,6666.8247,-0.4099071,2018-12-27
2018-12-28,6575.175,-1.3747156,2018-12-28
2018-12-31,6701.161,1.9160867,2018-12-31
2019-01-02,6720.523,0.28892756,2019-01-02
2019-01-03,6706.2563,-0.21228194,2019-01-03
2019-01-04,6672.6196,-0.5015731,2019-01-04
2019-01-07,6785.8247,1.6965628,2019-01-07
2019-01-08,6776.0425,-0.14415383,2019-01-08
2019-01-09,6811.864,0.5286455,2019-01-09
2019-01-10,6870.189,0.85623264,2019-01-10
2019-01-11,6910.633,0.58869123,2019-01-11
2019-01-14,6882.6523,-0.4048884,2019-01-14
2019-01-15,6807.3325,-1.0943413,2019-01-15
2019-01-16,6851.638,0.65084696,2019-01-16
2019-01-17,6816.68,-0.51021576,2019-01-17
2019-01-18,6785.201,-0.46179295,2019-01-18
2019-01-21,6934.6445,2.202487,2019-01-21
2019-01-22,6947.82,0.18999577,2019-01-22
2019-01-23,6864.016,-1.2061894,2019-01-23
2019-01-24,6792.9487,-1.0353625,2019-01-24
2019-01-25,6773.297,-0.2892971,2019-01-25
2019-01-28,6765.21,-0.119394064,2019-01-28
2019-01-29,6718.4175,-0.6916642,2019-01-29
2019-01-30,6780.463,0.92351437,2019-01-30
2019-01-31,6919.0483,2.043891,2019-01-31
2019-02-01,6944.2114,0.3636837,2019-02-01
2019-02-04,6994.4937,0.72408915,2019-02-04
2019-02-05,7011.2793,0.23998022,2019-02-05
2019-02-06,7148.8193,1.9616961,2019-02-06
2019-02-07,7156.104,0.1019001,2019-02-07
2019-02-08,7078.0957,-1.0900974,2019-02-08
2019-02-11,7051.8164,-0.37127733,2019-02-11
2019-02-12,7105.937,0.7674694,2019-02-12
2019-02-13,7114.012,0.113642216,2019-02-13
2019-02-14,7166.351,0.73571205,2019-02-14
2019-02-15,7176.3833,0.13998747,2019-02-15
2019-02-18,7210.9116,0.4811406,2019-02-18
2019-02-19,7199.2236,-0.16208887,2019-02-19
2019-02-20,7161.583,-0.52284,2019-02-20
2019-02-21,7202.3096,0.568676,2019-02-21
2019-02-22,7151.898,-0.69993734,2019-02-22
2019-02-25,7157.425,0.07728338,2019-02-25
2019-02-26,7163.076,0.07895231,2019-02-26
2019-02-27,7133.5527,-0.41216016,2019-02-27
2019-02-28,7089.9727,-0.6109178,2019-02-28
2019-03-01,7055.806,-0.4818976,2019-03-01
2019-03-04,7084.91,0.41248798,2019-03-04
2019-03-05,7113.5537,0.40428638,2019-03-05
2019-03-06,7160.1265,0.65470934,2019-03-06
2019-03-07,7174.8687,0.20589828,2019-03-07
2019-03-08,7140.4116,-0.48024654,2019-03-08
2019-03-11,7087.5776,-0.73993206,2019-03-11
2019-03-12,7109.2905,0.30635595,2019-03-12
2019-03-13,7130.5215,0.2986312,2019-03-13
2019-03-14,7139.0996,0.120306015,2019-03-14
2019-03-15,7163.2837,0.33875704,2019-03-15
2019-03-18,7203.0645,0.5553484,2019-03-18
2019-03-19,7265.9663,0.87326765,2019-03-19
2019-03-20,7292.3643,0.36331415,2019-03-20
2019-03-21,7266.988,-0.34798384,2019-03-21
2019-03-22,7315.239,0.6639719,2019-03-22
2019-03-25,7197.358,-1.6114414,2019-03-25
2019-03-26,7159.4263,-0.52702427,2019-03-26
2019-03-27,7174.0093,0.20369291,2019-03-27
2019-03-28,7173.7593,-0.0034868717,2019-03-28
2019-03-29,7208.5674,0.48521757,2019-03-29
2019-04-01,7249.9956,0.574708,2019-04-01
2019-04-02,7284.9624,0.48229694,2019-04-02
2019-04-03,7345.7954,0.83504915,2019-04-03
2019-04-04,7374.2427,0.3872633,2019-04-04
2019-04-05,7364.359,-0.13403296,2019-04-05
2019-04-08,7395.718,0.42581558,2019-04-08
2019-04-09,7405.049,0.12617111,2019-04-09
2019-04-10,7385.764,-0.2604246,2019-04-10
2019-04-11,7379.829,-0.08035898,2019-04-11
2019-04-12,7376.6733,-0.042760372,2019-04-12
2019-04-15,7390.466,0.18697977,2019-04-15
2019-04-16,7392.6655,0.02976656,2019-04-16
2019-04-17,7416.5415,0.32297373,2019-04-17
2019-04-18,7421.7856,0.07070303,2019-04-18
2019-04-23,7413.418,-0.112742186,2019-04-23
2019-04-24,7456.623,0.5827904,2019-04-24
2019-04-25,7428.9165,-0.3715694,2019-04-25
2019-04-26,7393.833,-0.47225356,2019-04-26
2019-04-29,7385.396,-0.11410713,2019-04-29
2019-04-30,7394.2617,0.120043755,2019-04-30
2019-05-01,7379.0176,-0.20616055,2019-05-01
2019-05-02,7351.109,-0.3782153,2019-05-02
2019-05-03,7321.0444,-0.40897727,2019-05-03
2019-05-07,7340.639,0.2676487,2019-05-07
2019-05-08,7245.711,-1.2931883,2019-05-08
2019-05-09,7244.312,-0.019305944,2019-05-09
2019-05-10,7190.6865,-0.740242,2019-05-10
2019-05-13,7182.216,-0.11780262,2019-05-13
2019-05-14,7146.409,-0.49854517,2019-05-14
2019-05-15,7212.271,0.921607,2019-05-15
2019-05-16,7265.8296,0.74260235,2019-05-16
2019-05-17,7315.2593,0.6803036,2019-05-17
2019-05-20,7316.7363,0.020194054,2019-05-20
2019-05-21,7285.2725,-0.43002367,2019-05-21
2019-05-22,7296.2573,0.15077591,2019-05-22
2019-05-23,7302.578,0.08662939,2019-05-23
2019-05-24,7216.1313,-1.183784,2019-05-24
2019-05-28,7247.55,0.4353881,2019-05-28
2019-05-29,7245.0015,-0.03516078,2019-05-29
2019-05-30,7170.4917,-1.0284305,2019-05-30
2019-05-31,7193.6772,0.32334328,2019-05-31
2019-06-03,7145.7964,-0.6655991,2019-06-03
2019-06-04,7162.599,0.23514032,2019-06-04
2019-06-05,7190.8,0.39372444,2019-06-05
2019-06-06,7198.1167,0.10175705,2019-06-06
2019-06-07,7232.374,0.47591925,2019-06-07
2019-06-10,7294.7705,0.8627415,2019-06-10
2019-06-11,7335.797,0.5624056,2019-06-11
2019-06-12,7357.406,0.29456615,2019-06-12
2019-06-13,7335.7285,-0.29463172,2019-06-13
2019-06-14,7332.9985,-0.03721714,2019-06-14
2019-06-17,7315.378,-0.24029016,2019-06-17
2019-06-18,7322.1045,0.091946125,2019-06-18
2019-06-19,7388.0063,0.90004206,2019-06-19
2019-06-20,7368.8477,-0.25932193,2019-06-20
2019-06-21,7379.1895,0.1403451,2019-06-21
2019-06-24,7369.2163,-0.13515353,2019-06-24
2019-06-25,7374.028,0.06529093,2019-06-25
2019-06-26,7379.509,0.07432699,2019-06-26
2019-06-27,7375.6016,-0.052946806,2019-06-27
2019-06-28,7364.1646,-0.15506744,2019-06-28
2019-07-01,7380.1265,0.21674633,2019-07-01
2019-07-02,7434.7427,0.74003935,2019-07-02
2019-07-03,7486.436,0.6953001,2019-07-03
2019-07-04,7528.235,0.5583286,2019-07-04
2019-07-05,7532.2183,0.052917004,2019-07-05
2019-07-08,7496.675,-0.471884,2019-07-08
2019-07-09,7486.841,-0.1311779,2019-07-09
2019-07-10,7477.848,-0.12011528,2019-07-10
2019-07-11,7472.036,-0.07772446,2019-07-11
2019-07-12,7456.6353,-0.20611286,2019-07-12
2019-07-15,7451.155,-0.07349849,2019-07-15
2019-07-16,7468.712,0.23562908,2019-07-16
2019-07-17,7503.1074,0.46052933,2019-07-17
2019-07-18,7481.314,-0.2904594,2019-07-18
2019-07-19,7444.8896,-0.48686862,2019-07-19
2019-07-22,7450.7837,0.07916689,2019-07-22
2019-07-23,7457.538,0.090658665,2019-07-23
2019-07-24,7487.1094,0.39652586,2019-07-24
2019-07-25,7454.4854,-0.4357338,2019-07-25
2019-07-26,7437.763,-0.22432208,2019-07-26
2019-07-29,7478.189,0.54352283,2019-07-29
2019-07-30,7574.0127,1.2813807,2019-07-30
2019-07-31,7572.9595,-0.013905764,2019-07-31
2019-08-01,7525.3984,-0.62803626,2019-08-01
2019-08-02,7515.6606,-0.12940168,2019-08-02
2019-08-05,7385.0713,-1.7375648,2019-08-05
2019-08-06,7212.361,-2.338642,2019-08-06
2019-08-07,7155.23,-0.7921219,2019-08-07
2019-08-08,7175.655,0.28545856,2019-08-08
2019-08-09,7252.543,1.0715127,2019-08-09
2019-08-12,7233.3833,-0.2641797,2019-08-12
2019-08-13,7206.214,-0.3756106,2019-08-13
2019-08-14,7225.0166,0.2609253,2019-08-14
2019-08-15,7134.934,-1.2468159,2019-08-15
2019-08-16,7050.9834,-1.1766136,2019-08-16
2019-08-19,7094.467,0.6167054,2019-08-19
2019-08-20,7165.159,0.9964466,2019-08-20
2019-08-21,7110.0024,-0.769788,2019-08-21
2019-08-22,7177.0054,0.9423733,2019-08-22
2019-08-23,7113.989,-0.878036,2019-08-23
2019-08-27,7077.022,-0.5196333,2019-08-27
2019-08-28,7069.6353,-0.10437369,2019-08-28
2019-08-29,7093.536,0.33807755,2019-08-29
2019-08-30,7159.68,0.93245506,2019-08-30
2019-09-02,7185.232,0.35688877,2019-09-02
2019-09-03,7249.8643,0.89951754,2019-09-03
2019-09-04,7245.0444,-0.06648302,2019-09-04
2019-09-05,7278.4976,0.46173334,2019-09-05
2019-09-06,7249.5186,-0.3981471,2019-09-06
2019-09-09,7254.8467,0.07349253,2019-09-09
2019-09-10,7216.5474,-0.5279124,2019-09-10
2019-09-11,7240.0347,0.3254652,2019-09-11
2019-09-12,7300.1978,0.8309722,2019-09-12
2019-09-13,7312.359,0.16658306,2019-09-13
2019-09-16,7330.186,0.24379492,2019-09-16
2019-09-17,7295.808,-0.4689932,2019-09-17
2019-09-18,7290.3096,-0.07536411,2019-09-18
2019-09-19,7285.4414,-0.06677508,2019-09-19
2019-09-20,7318.486,0.4535675,2019-09-20
2019-09-23,7313.9155,-0.062447786,2019-09-23
2019-09-24,7297.27,-0.22758842,2019-09-24
2019-09-25,7267.11,-0.41330457,2019-09-25
2019-09-26,7262.934,-0.057458878,2019-09-26
2019-09-27,7312.1177,0.6771922,2019-09-27
2019-09-30,7375.5933,0.86808205,2019-09-30
2019-10-01,7370.4897,-0.06919503,2019-10-01
2019-10-02,7330.5137,-0.5423784,2019-10-02
2019-10-03,7115.937,-2.9271722,2019-10-03
2019-10-04,7062.131,-0.75613856,2019-10-04
2019-10-07,7130.517,0.968349,2019-10-07
2019-10-08,7175.358,0.62885284,2019-10-08
2019-10-09,7127.368,-0.6688118,2019-10-09
2019-10-10,7144.8677,0.24552345,2019-10-10
2019-10-11,7164.8228,0.27929544,2019-10-11
2019-10-14,7219.163,0.75843334,2019-10-14
2019-10-15,7194.938,-0.3355682,2019-10-15
2019-10-16,7190.047,-0.0679791,2019-10-16
2019-10-17,7150.9136,-0.5442679,2019-10-17
2019-10-18,7160.8096,0.13839006,2019-10-18
2019-10-21,7133.06,-0.3875196,2019-10-21
2019-10-22,7142.754,0.13589859,2019-10-22
2019-10-23,7187.6426,0.62844753,2019-10-23
2019-10-24,7232.9995,0.6310463,2019-10-24
2019-10-25,7292.107,0.8171916,2019-10-25
2019-10-28,7295.303,0.043833256,2019-10-28
2019-10-29,7299.661,0.059735775,2019-10-29
2019-10-30,7280.09,-0.2681136,2019-10-30
2019-10-31,7297.4424,0.23835897,2019-10-31
2019-11-01,7231.309,-0.90625286,2019-11-01
2019-11-04,7269.237,0.52449703,2019-11-04
2019-11-05,7328.263,0.812006,2019-11-05
2019-11-06,7349.159,0.2851367,2019-11-06
2019-11-07,7357.127,0.10842085,2019-11-07
2019-11-08,7365.3076,0.111198425,2019-11-08
2019-11-11,7329.8936,-0.4808247,2019-11-11
2019-11-12,7300.2407,-0.40454865,2019-11-12
2019-11-13,7326.686,0.3622532,2019-11-13
2019-11-14,7319.7114,-0.09519458,2019-11-14
2019-11-15,7270.4146,-0.67347884,2019-11-15
2019-11-18,7273.5264,0.042796135,2019-11-18
2019-11-19,7278.795,0.072431564,2019-11-19
2019-11-20,7292.2007,0.18417835,2019-11-20
2019-11-21,7242.8335,-0.6769836,2019-11-21
2019-11-22,7217.06,-0.3558457,2019-11-22
2019-11-25,7288.201,0.9857297,2019-11-25
2019-11-26,7351.2925,0.8656621,2019-11-26
2019-11-27,7363.3555,0.16409159,2019-11-27
2019-11-28,7383.4814,0.27332306,2019-11-28
2019-11-29,7376.594,-0.09328127,2019-11-29
2019-12-02,7320.28,-0.76342225,2019-12-02
2019-12-03,7263.8096,-0.7714212,2019-12-03
2019-12-04,7146.8613,-1.6100109,2019-12-04
2019-12-05,7165.8555,0.2657652,2019-12-05
2019-12-06,7121.685,-0.61640143,2019-12-06
2019-12-09,7208.689,1.2216806,2019-12-09
2019-12-10,7213.0083,0.05991459,2019-12-10
2019-12-11,7193.596,-0.2691269,2019-12-11
2019-12-12,7194.2573,0.009191036,2019-12-12
2019-12-13,7243.4043,0.68314075,2019-12-13
2019-12-16,7313.055,0.9615779,2019-12-16
2019-12-17,7440.805,1.746881,2019-12-17
2019-12-18,7467.213,0.3549099,2019-12-18
2019-12-19,7477.6333,0.1395464,2019-12-19
2019-12-20,7502.1436,0.32777786,2019-12-20
2019-12-23,7512.8374,0.14253855,2019-12-23
2019-12-24,7540.924,0.37384033,2019-12-24
2019-12-27,7553.027,0.16050339,2019-12-27
2019-12-30,7562.4,0.12409687,2019-12-30
2019-12-31,7526.057,-0.48057437,2019-12-31
2020-01-02,7486.3755,-0.5272567,2020-01-02
2020-01-03,7522.171,0.47813654,2020-01-03
2020-01-06,7543.73,0.28660297,2020-01-06
2020-01-07,7514.8706,-0.3825605,2020-01-07
2020-01-08,7506.7334,-0.10828376,2020-01-08
2020-01-09,7507.5615,0.011026859,2020-01-09
2020-01-10,7523.1704,0.20791292,2020-01-10
2020-01-13,7519.96,-0.042676926,2020-01-13
2020-01-14,7537.8174,0.2374649,2020-01-14
2020-01-15,7545.6978,0.10454655,2020-01-15
2020-01-16,7559.484,0.18270016,2020-01-16
2020-01-17,7541.1694,-0.24226904,2020-01-17
2020-01-20,7577.291,0.47899485,2020-01-20
2020-01-21,7573.6465,-0.04810095,2020-01-21
2020-01-22,7542.559,-0.4104674,2020-01-22
2020-01-23,7510.267,-0.42812824,2020-01-23
2020-01-24,7459.9097,-0.6705165,2020-01-24
2020-01-27,7505.0835,0.60555935,2020-01-27
2020-01-28,7390.765,-1.5232146,2020-01-28
2020-01-29,7420.337,0.40011406,2020-01-29
2020-01-30,7432.226,0.1602292,2020-01-30
2020-01-31,7355.323,-1.0347188,2020-01-31
2020-02-03,7266.3877,-1.2091339,2020-02-03
2020-02-04,7291.6675,0.3479004,2020-02-04
2020-02-05,7382.529,1.2460947,2020-02-05
2020-02-06,7426.753,0.5990386,2020-02-06
2020-02-07,7447.232,0.275743,2020-02-07
2020-02-10,7422.568,-0.33118725,2020-02-10
2020-02-11,7402.97,-0.2640307,2020-02-11
2020-02-12,7438.5273,0.48030615,2020-02-12
2020-02-13,7469.9653,0.4226327,2020-02-13
2020-02-14,7415.267,-0.73224306,2020-02-14
2020-02-17,7372.393,-0.57818294,2020-02-17
2020-02-18,7386.3896,0.18985271,2020-02-18
2020-02-19,7350.521,-0.485605,2020-02-19
2020-02-20,7400.5103,0.6800771,2020-02-20
2020-02-21,7395.235,-0.071281195,2020-02-21
2020-02-24,7367.3887,-0.37654042,2020-02-24
2020-02-25,7151.4536,-2.930957,2020-02-25
2020-02-26,7004.067,-2.060932,2020-02-26
2020-02-27,7019.785,0.22441149,2020-02-27
2020-02-28,6765.388,-3.6239982,2020-02-28
2020-03-02,6595.747,-2.507484,2020-03-02
2020-03-03,6635.68,0.60544014,2020-03-03
2020-03-04,6705.9897,1.0595679,2020-03-04
2020-03-05,6779.886,1.1019468,2020-03-05
2020-03-06,6687.816,-1.3579905,2020-03-06
2020-03-09,6467.644,-3.2921314,2020-03-09
2020-03-10,6016.403,-6.9769025,2020-03-10
2020-03-11,5898.8247,-1.9542933,2020-03-11
2020-03-12,5887.843,-0.18616915,2020-03-12
2020-03-13,5378.607,-8.648938,2020-03-13
2020-03-16,5423.9556,0.84313154,2020-03-16
2020-03-17,5248.1323,-3.2416046,2020-03-17
2020-03-18,5298.294,0.95579624,2020-03-18
2020-03-19,5236.3735,-1.1686862,2020-03-19
2020-03-20,5235.5293,-0.016123056,2020-03-20
2020-03-23,5223.6284,-0.22730827,2020-03-23
2020-03-24,5227.477,0.07368326,2020-03-24
2020-03-25,5471.0327,4.65914,2020-03-25
2020-03-26,5695.0713,4.094994,2020-03-26
2020-03-27,5808.762,1.9963026,2020-03-27
2020-03-30,5591.0073,-3.7487328,2020-03-30
2020-03-31,5624.607,0.6009579,2020-03-31
2020-04-01,5698.28,1.3098359,2020-04-01
2020-04-02,5522.3223,-3.087908,2020-04-02
2020-04-03,5535.4937,0.23851395,2020-04-03
2020-04-06,5458.3804,-1.3930678,2020-04-06
2020-04-07,5613.5825,2.843368,2020-04-07
2020-04-08,5718.444,1.8679976,2020-04-08
2020-04-09,5712.472,-0.10442734,2020-04-09
2020-04-14,5846.0806,2.3388863,2020-04-14
2020-04-15,5808.0586,-0.65038204,2020-04-15
2020-04-16,5669.734,-2.381599,2020-04-16
2020-04-17,5682.457,0.22439957,2020-04-17
2020-04-20,5797.476,2.0241022,2020-04-20
2020-04-21,5819.478,0.3795147,2020-04-21
2020-04-22,5701.66,-2.0245433,2020-04-22
2020-04-23,5799.352,1.7133951,2020-04-23
2020-04-24,5830.0957,0.5301237,2020-04-24
2020-04-27,5785.39,-0.7668078,2020-04-27
2020-04-28,5856.74,1.2332797,2020-04-28
2020-04-29,5945.2607,1.5114307,2020-04-29
2020-04-30,6090.349,2.440405,2020-04-30
2020-05-01,5913.844,-2.898109,2020-05-01
2020-05-04,5824.88,-1.5043378,2020-05-04
2020-05-05,5794.201,-0.5266845,2020-05-05
2020-05-06,5854.3296,1.0377288,2020-05-06
2020-05-07,5856.848,0.043022633,2020-05-07
2020-05-11,5931.9375,1.2820721,2020-05-11
2020-05-12,5936.271,0.07305145,2020-05-12
2020-05-13,5995.2397,0.9933591,2020-05-13
2020-05-14,5911.7383,-1.3927937,2020-05-14
2020-05-15,5796.103,-1.9560277,2020-05-15
2020-05-18,5828.336,0.55611134,2020-05-18
2020-05-19,6029.028,3.4433842,2020-05-19
2020-05-20,5988.795,-0.6673217,2020-05-20
2020-05-21,6071.4077,1.3794541,2020-05-21
2020-05-22,6020.536,-0.83788633,2020-05-22
2020-05-26,6010.06,-0.17400384,2020-05-26
2020-05-27,6067.679,0.95871687,2020-05-27
2020-05-28,6125.3394,0.9502888,2020-05-28
2020-05-29,6194.6587,1.1316776,2020-05-29
2020-06-01,6090.209,-1.686126,2020-06-01
2020-06-02,6170.392,1.3165951,2020-06-02
2020-06-03,6197.407,0.43781996,2020-06-03
2020-06-04,6339.3516,2.29038,2020-06-04
2020-06-05,6321.845,-0.27615428,2020-06-05
2020-06-08,6428.3306,1.6844034,2020-06-08
2020-06-09,6443.268,0.23237467,2020-06-09
2020-06-10,6321.385,-1.8916368,2020-06-10
2020-06-11,6284.7754,-0.5791366,2020-06-11
2020-06-12,6082.2866,-3.2218933,2020-06-12
2020-06-15,6113.106,0.506711,2020-06-15
2020-06-16,6071.9214,-0.6737113,2020-06-16
2020-06-17,6217.878,2.4037957,2020-06-17
2020-06-18,6225.9985,0.1306057,2020-06-18
2020-06-19,6219.6626,-0.10176301,2020-06-19
2020-06-22,6274.101,0.87525845,2020-06-22
2020-06-23,6236.7056,-0.59602857,2020-06-23
2020-06-24,6292.139,0.88882446,2020-06-24
2020-06-25,6135.671,-2.4867237,2020-06-25
2020-06-26,6145.199,0.15529394,2020-06-26
2020-06-29,6152.0747,0.11188984,2020-06-29
2020-06-30,6210.5894,0.95113516,2020-06-30
2020-07-01,6165.353,-0.7283747,2020-07-01
2020-07-02,6161.5103,-0.062328577,2020-07-02
2020-07-03,6225.5776,1.039803,2020-07-03
2020-07-06,6154.7437,-1.1377871,2020-07-06
2020-07-07,6268.1826,1.8431187,2020-07-07
2020-07-08,6184.9653,-1.327616,2020-07-08
2020-07-09,6158.6055,-0.4261911,2020-07-09
2020-07-10,6074.9897,-1.3577044,2020-07-10
2020-07-13,6109.216,0.563395,2020-07-13
2020-07-14,6155.9873,0.7655859,2020-07-14
2020-07-15,6164.5073,0.13840199,2020-07-15
2020-07-16,6269.5806,1.7044902,2020-07-16
2020-07-17,6238.3296,-0.49845576,2020-07-17
2020-07-20,6268.9683,0.49113035,2020-07-20
2020-07-21,6250.516,-0.29433966,2020-07-21
2020-07-22,6253.459,0.04708767,2020-07-22
2020-07-23,6205.7485,-0.7629454,2020-07-23
2020-07-24,6207.638,0.030446053,2020-07-24
2020-07-27,6133.8687,-1.1883676,2020-07-27
2020-07-28,6121.6143,-0.19978285,2020-07-28
2020-07-29,6130.2466,0.14101267,2020-07-29
2020-07-30,6128.732,-0.024706125,2020-07-30
2020-07-31,6016.795,-1.8264294,2020-07-31
2020-08-03,5931.8022,-1.4125884,2020-08-03
2020-08-04,6036.0107,1.7567754,2020-08-04
2020-08-05,6027.0474,-0.14849901,2020-08-05
2020-08-06,6099.604,1.2038469,2020-08-06
2020-08-07,6034.7495,-1.0632575,2020-08-07
2020-08-10,6049.4697,0.24392605,2020-08-10
2020-08-11,6054.0884,0.07635355,2020-08-11
2020-08-12,6138.389,1.3924599,2020-08-12
2020-08-13,6244.861,1.734519,2020-08-13
2020-08-14,6180.6973,-1.0274649,2020-08-14
2020-08-17,6108.495,-1.1681855,2020-08-17
2020-08-18,6137.3013,0.47158003,2020-08-18
2020-08-19,6083.2896,-0.8800566,2020-08-19
2020-08-20,6117.8247,0.5677104,2020-08-20
2020-08-21,6028.8535,-1.4542937,2020-08-21
2020-08-24,6024.349,-0.07471442,2020-08-24
2020-08-25,6097.8774,1.2205243,2020-08-25
2020-08-26,6038.885,-0.96743107,2020-08-26
2020-08-27,6060.78,0.36256313,2020-08-27
2020-08-28,6011.748,-0.8090019,2020-08-28
2020-09-01,5980.2476,-0.52398443,2020-09-01
2020-09-02,5881.431,-1.6523778,2020-09-02
2020-09-03,5948.2197,1.1355877,2020-09-03
2020-09-04,5862.6636,-1.4383495,2020-09-04
2020-09-07,5831.783,-0.5267322,2020-09-07
2020-09-08,5933.4893,1.7439961,2020-09-08
2020-09-09,5922.6167,-0.18324256,2020-09-09
2020-09-10,6011.68,1.5037894,2020-09-10
2020-09-11,6001.9644,-0.161618,2020-09-11
2020-09-14,6036.7275,0.5792022,2020-09-14
2020-09-15,6030.3022,-0.106436014,2020-09-15
2020-09-16,6100.361,1.161778,2020-09-16
2020-09-17,6076.314,-0.39418936,2020-09-17
2020-09-18,6064.115,-0.20076036,2020-09-18
2020-09-21,6023.803,-0.66476464,2020-09-21
2020-09-22,5848.11,-2.916652,2020-09-22
2020-09-23,5858.9575,0.18548965,2020-09-23
2020-09-24,5891.8027,0.5605936,2020-09-24
2020-09-25,5840.848,-0.86483955,2020-09-25
2020-09-28,5859.0537,0.31169653,2020-09-28
2020-09-29,5921.6953,1.0691404,2020-09-29
2020-09-30,5894.7466,-0.45508742,2020-09-30
2020-10-01,5877.548,-0.29176474,2020-10-01
2020-10-02,5884.2104,0.11335611,2020-10-02
2020-10-05,5900.599,0.27852058,2020-10-05
2020-10-06,5941.4697,0.69265366,2020-10-06
2020-10-07,5950.444,0.15103817,2020-10-07
2020-10-08,5951.319,0.014710426,2020-10-08
2020-10-09,5981.415,0.50570965,2020-10-09
2020-10-12,6015.6724,0.5727291,2020-10-12
2020-10-13,6005.557,-0.16815066,2020-10-13
2020-10-14,5981.918,-0.3936231,2020-10-14
2020-10-15,5947.7983,-0.5703807,2020-10-15
2020-10-16,5858.5024,-1.5013278,2020-10-16
2020-10-19,5924.197,1.1213541,2020-10-19
2020-10-20,5883.053,-0.6945014,2020-10-20
2020-10-21,5893.1216,0.17113686,2020-10-21
2020-10-22,5811.994,-1.3766468,2020-10-22
2020-10-23,5817.1567,0.08882284,2020-10-23
2020-10-26,5862.794,0.78452826,2020-10-26
2020-10-27,5815.808,-0.8014262,2020-10-27
2020-10-28,5773.22,-0.7322788,2020-10-28
2020-10-29,5650.822,-2.1201074,2020-10-29
2020-10-30,5638.0415,-0.22616386,2020-10-30
2020-11-02,5623.9224,-0.25042892,2020-11-02
2020-11-03,5689.747,1.1704445,2020-11-03
2020-11-04,5795.9565,1.8666863,2020-11-04
2020-11-05,5870.794,1.2912035,2020-11-05
2020-11-06,5897.7476,0.45911074,2020-11-06
2020-11-09,5910.269,0.21231174,2020-11-09
2020-11-10,6154.7173,4.13599,2020-11-10
2020-11-11,6246.425,1.4900327,2020-11-11
2020-11-12,6347.2427,1.6140103,2020-11-12
2020-11-13,6319.4595,-0.43771863,2020-11-13
2020-11-16,6276.189,-0.6847203,2020-11-16
2020-11-17,6374.4683,1.5659094,2020-11-17
2020-11-18,6341.0415,-0.5243838,2020-11-18
2020-11-19,6338.3115,-0.043052435,2020-11-19
2020-11-20,6300.069,-0.60335994,2020-11-20
2020-11-23,6302.9966,0.04646778,2020-11-23
2020-11-24,6307.0356,0.064086914,2020-11-24
2020-11-25,6379.536,1.1495233,2020-11-25
2020-11-26,6357.8296,-0.3402531,2020-11-26
2020-11-27,6322.9653,-0.5483687,2020-11-27
2020-11-30,6315.652,-0.11566281,2020-11-30
2020-12-01,6242.58,-1.1569977,2020-12-01
2020-12-02,6333.9126,1.4630556,2020-12-02
2020-12-03,6421.531,1.3833165,2020-12-03
2020-12-04,6459.476,0.5909085,2020-12-04
2020-12-07,6542.163,1.2800932,2020-12-07
2020-12-08,6555.25,0.20004511,2020-12-08
2020-12-09,6549.995,-0.08016229,2020-12-09
2020-12-10,6553.7485,0.057303905,2020-12-10
2020-12-11,6581.143,0.41799545,2020-12-11
2020-12-14,6541.7,-0.59933066,2020-12-14
2020-12-15,6520.091,-0.3303349,2020-12-15
2020-12-16,6510.731,-0.14355183,2020-12-16
2020-12-17,6558.86,0.7392287,2020-12-17
2020-12-18,6551.229,-0.116342306,2020-12-18
2020-12-21,6522.5083,-0.43840408,2020-12-21
2020-12-23,6424.8833,-1.4967382,2020-12-23
2020-12-24,6482.745,0.9005904,2020-12-24
2020-12-29,6486.7485,0.061750412,2020-12-29
2020-12-30,6589.4995,1.5840173,2020-12-30
2020-12-31,6560.539,-0.43949485,2020-12-31
2021-01-04,6463.557,-1.4782608,2021-01-04
2021-01-05,6550.927,1.351726,2021-01-05
2021-01-06,6611.765,0.9287,2021-01-06
2021-01-07,6854.986,3.678608,2021-01-07
2021-01-08,6865.772,0.15734434,2021-01-08
2021-01-11,6828.0747,-0.5490601,2021-01-11
2021-01-12,6759.525,-1.0039389,2021-01-12
2021-01-13,6723.906,-0.5269468,2021-01-13
2021-01-14,6715.0083,-0.13232827,2021-01-14
2021-01-15,6758.9854,0.654912,2021-01-15
2021-01-18,6710.597,-0.7159114,2021-01-18
2021-01-19,6694.8403,-0.23480654,2021-01-19
2021-01-20,6688.5864,-0.0934124,2021-01-20
2021-01-21,6711.1323,0.3370762,2021-01-21
2021-01-22,6692.486,-0.27784705,2021-01-22
2021-01-25,6673.437,-0.28463006,2021-01-25
2021-01-26,6624.524,-0.73295236,2021-01-26
2021-01-27,6635.1143,0.15985966,2021-01-27
2021-01-28,6555.2183,-1.204139,2021-01-28
2021-01-29,6510.819,-0.6773114,2021-01-29
2021-02-01,6416.7065,-1.4454782,2021-02-01
2021-02-02,6454.1875,0.5841136,2021-02-02
2021-02-03,6492.873,0.5993843,2021-02-03
2021-02-04,6506.0635,0.20315647,2021-02-04
2021-02-05,6501.897,-0.06403923,2021-02-05
2021-02-08,6488.3228,-0.20877123,2021-02-08
2021-02-09,6517.6553,0.4520774,2021-02-09
2021-02-10,6530.2217,0.1928091,2021-02-10
2021-02-11,6522.61,-0.11656284,2021-02-11
2021-02-12,6524.6787,0.031721592,2021-02-12
2021-02-15,6577.148,0.804162,2021-02-15
2021-02-16,6750.6675,2.6382208,2021-02-16
2021-02-17,6739.581,-0.16422868,2021-02-17
2021-02-18,6687.718,-0.7695317,2021-02-18
2021-02-19,6606.4365,-1.2153804,2021-02-19
2021-02-22,6607.226,0.011956692,2021-02-22
2021-02-23,6597.627,-0.14528036,2021-02-23
2021-02-24,6609.7456,0.18367767,2021-02-24
2021-02-25,6643.3296,0.50809383,2021-02-25
2021-02-26,6637.9985,-0.08024573,2021-02-26
2021-03-01,6483.4995,-2.3274958,2021-03-01
2021-03-02,6563.865,1.2395382,2021-03-02
2021-03-03,6611.322,0.7229924,2021-03-03
2021-03-04,6660.7827,0.74812174,2021-03-04
2021-03-05,6639.347,-0.3218174,2021-03-05
2021-03-08,6614.9917,-0.3668368,2021-03-08
2021-03-09,6694.152,1.1966825,2021-03-09
2021-03-10,6712.315,0.27133226,2021-03-10
2021-03-11,6700.0566,-0.18262267,2021-03-11
2021-03-12,6708.55,0.12676716,2021-03-12
2021-03-15,6728.9336,0.30385256,2021-03-15
2021-03-16,6720.1753,-0.13015866,2021-03-16
2021-03-17,6760.0225,0.592947,2021-03-17
2021-03-18,6731.8735,-0.416404,2021-03-18
2021-03-19,6741.464,0.14246702,2021-03-19
2021-03-22,6687.2104,-0.80477,2021-03-22
2021-03-23,6697.9634,0.16080141,2021-03-23
2021-03-24,6678.402,-0.29205084,2021-03-24
2021-03-25,6687.7554,0.140059,2021-03-25
2021-03-26,6657.2534,-0.45608878,2021-03-26
2021-03-29,6709.767,0.7888198,2021-03-29
2021-03-30,6712.7896,0.04504919,2021-03-30
2021-03-31,6736.364,0.35117865,2021-03-31
2021-04-01,6691.565,-0.6650269,2021-04-01
2021-04-06,6707.0894,0.23200512,2021-04-06
2021-04-07,6777.8413,1.054883,2021-04-07
2021-04-08,6853.154,1.1111617,2021-04-08
2021-04-09,6911.5566,0.85220337,2021-04-09
2021-04-12,6880.5903,-0.4480362,2021-04-12
2021-04-13,6847.403,-0.4823327,2021-04-13
2021-04-14,6847.9175,0.0075101852,2021-04-14
2021-04-15,6904.651,0.8284807,2021-04-15
2021-04-16,6955.8438,0.7414222,2021-04-16
2021-04-19,6994.737,0.55913925,2021-04-19
2021-04-20,6975.3857,-0.276649,2021-04-20
2021-04-21,6817.308,-2.2662222,2021-04-21
2021-04-22,6853.6753,0.53344965,2021-04-22
2021-04-23,6904.7656,0.7454395,2021-04-23
2021-04-26,6905.9272,0.01682043,2021-04-26
2021-04-27,6931.903,0.37612915,2021-04-27
2021-04-28,6913.227,-0.26941895,2021-04-28
2021-04-29,6932.556,0.27959347,2021-04-29
2021-04-30,6931.3647,-0.01718402,2021-04-30
2021-05-04,6940.016,0.124812126,2021-05-04
2021-05-05,6888.848,-0.7372916,2021-05-05
2021-05-06,7010.7383,1.7693877,2021-05-06
2021-05-07,7057.347,0.6648183,2021-05-07
2021-05-10,7107.5854,0.7118583,2021-05-10
2021-05-11,7105.0635,-0.035482645,2021-05-11
2021-05-12,6924.0464,-2.547717,2021-05-12
2021-05-13,6978.143,0.78128576,2021-05-13
2021-05-14,6935.5327,-0.61062574,2021-05-14
2021-05-17,7016.929,1.1736155,2021-05-17
2021-05-18,7011.725,-0.07416606,2021-05-18
2021-05-19,7011.0386,-0.009793043,2021-05-19
2021-05-20,6921.984,-1.2702048,2021-05-20
2021-05-21,6992.0454,1.0121584,2021-05-21
2021-05-24,6995.2036,0.0451684,2021-05-24
2021-05-25,7028.0034,0.4688859,2021-05-25
2021-05-26,7007.7983,-0.28749108,2021-05-26
2021-05-27,7003.3843,-0.06299019,2021-05-27
2021-05-28,6995.8564,-0.10749102,2021-05-28
2021-06-01,6998.475,0.037431717,2021-06-01
2021-06-02,7057.0034,0.83630085,2021-06-02
2021-06-03,7087.5913,0.43344498,2021-06-03
2021-06-04,7045.7075,-0.5909443,2021-06-04
2021-06-07,7047.7056,0.02835989,2021-06-07
2021-06-08,7056.151,0.11982918,2021-06-08
2021-06-09,7074.1216,0.25467873,2021-06-09
2021-06-10,7061.4087,-0.179708,2021-06-10
2021-06-11,7067.485,0.086045265,2021-06-11
2021-06-14,7111.8853,0.62823296,2021-06-14
2021-06-15,7126.833,0.2101779,2021-06-15
2021-06-16,7150.8784,0.33739805,2021-06-16
2021-06-17,7163.9883,0.18333197,2021-06-17
2021-06-18,7135.818,-0.39322376,2021-06-18
2021-06-21,7000.316,-1.8988967,2021-06-21
2021-06-22,7039.279,0.5565882,2021-06-22
2021-06-23,7068.965,0.42171478,2021-06-23
2021-06-24,7054.415,-0.20582676,2021-06-24
2021-06-25,7088.093,0.47739744,2021-06-25
2021-06-28,7115.3955,0.38518906,2021-06-28
2021-06-29,7055.802,-0.83753467,2021-06-29
2021-06-30,7066.48,0.1513362,2021-06-30
2021-07-01,7017.347,-0.69529414,2021-07-01
2021-07-02,7100.145,1.1798978,2021-07-02
2021-07-05,7105.1655,0.07071495,2021-07-05
2021-07-06,7142.343,0.52324533,2021-07-06
2021-07-07,7084.971,-0.803262,2021-07-07
2021-07-08,7127.96,0.60676336,2021-07-08
2021-07-09,7013.7935,-1.6016722,2021-07-09
2021-07-12,7096.839,1.1840343,2021-07-12
2021-07-13,7107.1025,0.14462471,2021-07-13
2021-07-14,7105.197,-0.02681613,2021-07-14
2021-07-15,7072.9595,-0.45371652,2021-07-15
2021-07-16,6991.359,-1.1536956,2021-07-16
2021-07-19,6983.441,-0.113254786,2021-07-19
2021-07-20,6798.863,-2.6430845,2021-07-20
2021-07-21,6837.4077,0.56693554,2021-07-21
2021-07-22,6971.393,1.9595981,2021-07-22
2021-07-23,6943.4863,-0.4003048,2021-07-23
2021-07-26,7000.987,0.8281231,2021-07-26
2021-07-27,7002.7607,0.025343895,2021-07-27
2021-07-28,6971.0874,-0.45229793,2021-07-28
2021-07-29,6991.0205,0.2859354,2021-07-29
2021-07-30,7055.0044,0.9152293,2021-07-30
2021-08-02,7012.024,-0.6092191,2021-08-02
2021-08-03,7058.3164,0.66019297,2021-08-03
2021-08-04,7085.237,0.3813982,2021-08-04
2021-08-05,7103.4834,0.25752783,2021-08-05
2021-08-06,7101.146,-0.032907724,2021-08-06
2021-08-09,7103.244,0.029551983,2021-08-09
2021-08-10,7112.2085,0.12619495,2021-08-10
2021-08-11,7139.4536,0.38307905,2021-08-11
2021-08-12,7194.301,0.76823235,2021-08-12
2021-08-13,7174.9473,-0.26901364,2021-08-13
2021-08-16,7194.8276,0.27707815,2021-08-16
2021-08-17,7138.6206,-0.78121424,2021-08-17
2021-08-18,7158.758,0.28208494,2021-08-18
2021-08-19,7150.327,-0.11776686,2021-08-19
2021-08-20,7043.461,-1.4945626,2021-08-20
2021-08-23,7066.3145,0.32446384,2021-08-23
2021-08-24,7088.3647,0.31204224,2021-08-24
2021-08-25,7105.434,0.24080276,2021-08-25
2021-08-26,7129.101,0.33308268,2021-08-26
2021-08-27,7107.1167,-0.30837655,2021-08-27
2021-08-31,7126.8037,0.27700663,2021-08-31
2021-09-01,7101.9375,-0.34891367,2021-09-01
2021-09-02,7128.115,0.36859512,2021-09-02
2021-09-03,7143.4336,0.21489859,2021-09-03
2021-09-06,7120.517,-0.32080412,2021-09-06
2021-09-07,7163.2505,0.60014725,2021-09-07
2021-09-08,7132.5786,-0.4281819,2021-09-08
2021-09-09,7078.5815,-0.7570505,2021-09-09
2021-09-10,7004.4067,-1.0478795,2021-09-10
2021-09-13,7005.6997,0.018453598,2021-09-13
2021-09-14,7045.4126,0.566864,2021-09-14
2021-09-15,7013.0864,-0.45882463,2021-09-15
2021-09-16,6992.932,-0.2873838,2021-09-16
2021-09-17,7003.316,0.14848709,2021-09-17
2021-09-20,6936.312,-0.95674396,2021-09-20
2021-09-21,6867.4077,-0.99338293,2021-09-21
2021-09-22,6949.15,1.1902928,2021-09-22
2021-09-23,7061.4497,1.616025,2021-09-23
2021-09-24,7060.054,-0.0197649,2021-09-24
2021-09-27,7031.0127,-0.41134953,2021-09-27
2021-09-28,7041.41,0.14787912,2021-09-28
2021-09-29,7006.4375,-0.49667358,2021-09-29
2021-09-30,7083.64,1.1018872,2021-09-30
2021-10-01,7068.36,-0.21570921,2021-10-01
2021-10-04,7006.642,-0.8731544,2021-10-04
2021-10-05,6987.0503,-0.2796173,2021-10-05
2021-10-06,7052.8433,0.9416461,2021-10-06
2021-10-07,6973.818,-1.1204779,2021-10-07
2021-10-08,7052.681,1.1308432,2021-10-08
2021-10-11,7076.1255,0.3324151,2021-10-11
2021-10-12,7124.365,0.68172216,2021-10-12
2021-10-13,7112.1675,-0.17121434,2021-10-13
2021-10-14,7121.419,0.13008118,2021-10-14
2021-10-15,7181.947,0.8499384,2021-10-15
2021-10-18,7210.1675,0.39293766,2021-10-18
2021-10-19,7185.0044,-0.34899712,2021-10-19
2021-10-20,7194.5317,0.1325965,2021-10-20
2021-10-21,7200.717,0.08597374,2021-10-21
2021-10-22,7171.9897,-0.3989458,2021-10-22
2021-10-25,7182.2324,0.14281273,2021-10-25
2021-10-26,7199.5293,0.2408266,2021-10-26
2021-10-27,7247.4844,0.6660819,2021-10-27
2021-10-28,7231.7593,-0.21697283,2021-10-28
2021-10-29,7225.895,-0.08109212,2021-10-29
2021-11-01,7215.5215,-0.14355779,2021-11-01
2021-11-02,7257.4565,0.58118105,2021-11-02
2021-11-03,7250.81,-0.09158254,2021-11-03
2021-11-04,7227.106,-0.32691956,2021-11-04
2021-11-05,7251.111,0.33215284,2021-11-05
2021-11-08,7274.0083,0.3157735,2021-11-08
2021-11-09,7273.0513,-0.013154745,2021-11-09
2021-11-10,7250.5435,-0.30946732,2021-11-10
2021-11-11,7301.917,0.70854425,2021-11-11
2021-11-12,7343.188,0.565207,2021-11-12
2021-11-15,7318.9634,-0.32989383,2021-11-15
2021-11-16,7317.962,-0.013685226,2021-11-16
2021-11-17,7298.765,-0.262326,2021-11-17
2021-11-18,7266.972,-0.4355967,2021-11-18
2021-11-19,7234.3154,-0.44938326,2021-11-19
2021-11-22,7203.6416,-0.4240036,2021-11-22
2021-11-23,7228.641,0.34704208,2021-11-23
2021-11-24,7241.1294,0.1727581,2021-11-24
2021-11-25,7258.1665,0.23528337,2021-11-25
2021-11-26,7279.638,0.29582977,2021-11-26
2021-11-29,7035.0356,-3.3600926,2021-11-29
2021-11-30,7089.228,0.7703185,2021-11-30
2021-12-01,7041.3354,-0.67557096,2021-12-01
2021-12-02,7141.3975,1.4210701,2021-12-02
2021-12-03,7113.5527,-0.38990378,2021-12-03
2021-12-06,7103.032,-0.14789104,2021-12-06
2021-12-07,7201.6816,1.3888359,2021-12-07
2021-12-08,7300.12,1.3668776,2021-12-08
2021-12-09,7307.2925,0.0982523,2021-12-09
2021-12-10,7292.786,-0.19851923,2021-12-10
2021-12-13,7267.061,-0.35274625,2021-12-13
2021-12-14,7213.1167,-0.7423103,2021-12-14
2021-12-15,7197.392,-0.21799803,2021-12-15
2021-12-16,7153.8857,-0.60447454,2021-12-16
2021-12-17,7228.736,1.046288,2021-12-17
2021-12-20,7245.0728,0.22599697,2021-12-20
2021-12-21,7182.175,-0.8681476,2021-12-21
2021-12-22,7260.9746,1.0971546,2021-12-22
2021-12-23,7306.7466,0.6303787,2021-12-23
2021-12-24,7334.736,0.3830552,2021-12-24
2021-12-29,7336.8203,0.028419495,2021-12-29
2021-12-30,7373.27,0.4968047,2021-12-30
2021-12-31,7365.6626,-0.10317564,2021-12-31
2022-01-04,7348.991,-0.22633672,2022-01-04
2022-01-05,7434.629,1.1652946,2022-01-05
2022-01-06,7459.188,0.33032894,2022-01-06
2022-01-07,7411.7847,-0.6355047,2022-01-07
2022-01-10,7428.764,0.22908449,2022-01-10
2022-01-11,7404.576,-0.32559633,2022-01-11
2022-01-12,7432.608,0.37857294,2022-01-12
2022-01-13,7480.4844,0.6441355,2022-01-13
2022-01-14,7497.3086,0.22491217,2022-01-14
2022-01-17,7484.4575,-0.17141104,2022-01-17
2022-01-18,7526.7856,0.5655527,2022-01-18
2022-01-19,7505.707,-0.28004646,2022-01-19
2022-01-20,7515.688,0.13297796,2022-01-20
2022-01-21,7516.805,0.014865398,2022-01-21
2022-01-24,7452.0073,-0.86203814,2022-01-24
2022-01-25,7284.0166,-2.2543013,2022-01-25
2022-01-26,7327.773,0.60071945,2022-01-26
2022-01-27,7409.2563,1.1119843,2022-01-27
2022-01-28,7479.4214,0.9469867,2022-01-28
2022-01-31,7428.745,-0.6775439,2022-01-31
2022-02-01,7415.3794,-0.17991662,2022-02-01
2022-02-02,7465.893,0.68119764,2022-02-02
2022-02-03,7507.669,0.5595565,2022-02-03
2022-02-04,7477.4,-0.40317774,2022-02-04
2022-02-07,7460.6484,-0.22403002,2022-02-07
2022-02-08,7498.3057,0.50474405,2022-02-08
2022-02-09,7502.597,0.05723238,2022-02-09
2022-02-10,7550.9854,0.644958,2022-02-10
2022-02-11,7581.721,0.40704012,2022-02-11
2022-02-14,7579.234,-0.032806396,2022-02-14
2022-02-15,7488.4316,-1.1980414,2022-02-15
2022-02-16,7523.1577,0.46372414,2022-02-16
2022-02-17,7532.4126,0.12302399,2022-02-17
2022-02-18,7485.651,-0.6208062,2022-02-18
2022-02-21,7459.6113,-0.34785867,2022-02-21
2022-02-22,7436.0405,-0.31597614,2022-02-22
2022-02-23,7439.5093,0.046646595,2022-02-23
2022-02-24,7443.871,0.05862713,2022-02-24
2022-02-25,7204.5415,-3.2151222,2022-02-25
2022-02-28,7402.486,2.747488,2022-02-28
2022-03-01,7418.0845,0.21072626,2022-03-01
2022-03-02,7310.436,-1.4511645,2022-03-02
2022-03-03,7374.619,0.8779645,2022-03-03
2022-03-04,7231.4253,-1.9417107,2022-03-04
2022-03-07,6972.7944,-3.5764873,2022-03-07
2022-03-08,6936.4473,-0.5212724,2022-03-08
2022-03-09,6933.6006,-0.041037798,2022-03-09
2022-03-10,7157.6235,3.230977,2022-03-10
2022-03-11,7089.8394,-0.94702244,2022-03-11
2022-03-14,7132.1084,0.5961895,2022-03-14
2022-03-15,7170.984,0.54507256,2022-03-15
2022-03-16,7157.0864,-0.19379854,2022-03-16
2022-03-17,7254.9067,1.3667583,2022-03-17
2022-03-18,7340.1665,1.1752009,2022-03-18
2022-03-21,7363.6846,0.3203988,2022-03-21
2022-03-22,7393.012,0.39827824,2022-03-22
2022-03-23,7422.3257,0.39650202,2022-03-23
2022-03-24,7414.847,-0.10075569,2022-03-24
2022-03-25,7417.474,0.035429,2022-03-25
2022-03-28,7429.966,0.16840696,2022-03-28
2022-03-29,7424.5957,-0.07227659,2022-03-29
2022-03-30,7468.0513,0.58529377,2022-03-30
2022-03-31,7505.1167,0.49631596,2022-03-31
2022-04-01,7467.483,-0.50144196,2022-04-01
2022-04-04,7473.9077,0.086033344,2022-04-04
2022-04-05,7491.781,0.23913383,2022-04-05
2022-04-06,7530.9316,0.5225897,2022-04-06
2022-04-07,7522.3315,-0.11419654,2022-04-07
2022-04-08,7493.425,-0.3842771,2022-04-08
2022-04-11,7564.593,0.9497404,2022-04-11
2022-04-12,7551.599,-0.17176867,2022-04-12
2022-04-13,7514.46,-0.49180388,2022-04-13
2022-04-14,7511.6426,-0.03749132,2022-04-14
2022-04-19,7536.0093,0.3243804,2022-04-19
2022-04-20,7531.6865,-0.05736351,2022-04-20
2022-04-21,7547.355,0.20803213,2022-04-21
2022-04-22,7551.1304,0.050020218,2022-04-22
2022-04-25,7477.4497,-0.97575784,2022-04-25
2022-04-26,7355.865,-1.6260147,2022-04-26
2022-04-27,7347.1963,-0.1178503,2022-04-27
2022-04-28,7378.4927,0.42595863,2022-04-28
2022-04-29,7442.894,0.8728266,2022-04-29
2022-05-03,7478.3955,0.4769802,2022-05-03
2022-05-04,7494.4175,0.21424294,2022-05-04
2022-05-05,7448.9727,-0.6063819,2022-05-05
2022-05-06,7446.8345,-0.028705597,2022-05-06
2022-05-09,7362.0483,-1.13855,2022-05-09
2022-05-10,7205.556,-2.1256626,2022-05-10
2022-05-11,7217.6025,0.16717911,2022-05-11
2022-05-12,7305.4897,1.2176752,2022-05-12
2022-05-13,7220.4194,-1.1644721,2022-05-13
2022-05-16,7356.1245,1.8794656,2022-05-16
2022-05-17,7412.6553,0.7684827,2022-05-17
2022-05-18,7454.3477,0.56245327,2022-05-18
2022-05-19,7403.1714,-0.6865263,2022-05-19
2022-05-20,7285.0273,-1.5958548,2022-05-20
2022-05-23,7342.454,0.78828335,2022-05-23
2022-05-24,7441.5835,1.350081,2022-05-24
2022-05-25,7437.4126,-0.056046247,2022-05-25
2022-05-26,7459.5654,0.29785633,2022-05-26
2022-05-27,7493.7144,0.4577875,2022-05-27
2022-05-30,7513.5513,0.26471615,2022-05-30
2022-05-31,7526.167,0.16790628,2022-05-31
2022-06-01,7533.335,0.0952363,2022-06-01
2022-06-06,7483.185,-0.6657064,2022-06-06
2022-06-07,7523.178,0.5344391,2022-06-07
2022-06-08,7529.071,0.0783205,2022-06-08
2022-06-09,7523.2603,-0.077176094,2022-06-09
2022-06-10,7439.584,-1.1122346,2022-06-10
2022-06-13,7299.803,-1.8788815,2022-06-13
2022-06-14,7191.4863,-1.4838338,2022-06-14
2022-06-15,7168.0825,-0.3254354,2022-06-15
2022-06-16,7240.863,1.0153413,2022-06-16
2022-06-17,7034.9746,-2.8434217,2022-06-17
2022-06-20,6997.3296,-0.5351126,2022-06-20
2022-06-21,7095.929,1.4091015,2022-06-21
2022-06-22,7132.694,0.5181074,2022-06-22
2022-06-23,7072.723,-0.8407891,2022-06-23
2022-06-24,7000.356,-1.0231853,2022-06-24
2022-06-27,7174.1226,2.4822593,2022-06-27
2022-06-28,7234.888,0.84700584,2022-06-28
2022-06-29,7288.024,0.7344365,2022-06-29
2022-06-30,7284.9478,-0.04220605,2022-06-30
